Company,Business and Outlook,Interest Rate Swaps,Management Sentiment,Top Business Risks,Ethical and ESG Concerns,Management Changes,Talent Retention Issues
Apple,Apple designs consumer electronics and expects strong growth in services and AI-driven devices.,Engages in limited interest rate swaps to hedge against treasury yield fluctuations.,Management expresses strong confidence in product innovation and ecosystem growth.,"Supply chain disruptions, regulatory pressure on App Store, and global currency volatility.",Scrutiny over overseas labor practices and environmental impact of manufacturing.,No major changes; stable executive team with long-tenured leadership.,Highly competitive hiring landscape in AI and hardware design.
Microsoft,"Microsoft develops enterprise software and cloud services, with continued cloud expansion planned.",Uses interest rate derivatives to manage exposure in commercial lending operations.,Cautiously optimistic about macro conditions; strong conviction in long-term cloud dominance.,"Antitrust scrutiny, cloud competition, and cybersecurity threats.",Energy use in data centers and workforce diversity initiatives under watch.,Recent CFO transition; overall leadership remains stable.,Talent retention focus in cloud engineering and cybersecurity.
Amazon,"Amazon operates global e-commerce and logistics, forecasting moderate growth amid cost optimization.",Minimal use of interest rate swaps due to stable cash position and capital structure.,Neutral tone with focus on efficiency and margin improvements.,"Labor shortages, logistics costs, and antitrust investigations.",Concerns about warehouse working conditions and emissions from logistics.,Several senior execs departed in last 12 months; new COO onboarded.,Facing warehouse labor attrition and unionization challenges.
Berkshire Hathaway,Berkshire Hathaway is a conglomerate with diverse holdings; expects steady returns through long-term investments.,Utilizes swaps extensively to manage interest risk in its financial subsidiaries.,Conservative tone emphasizing diversification and shareholder value.,"Market volatility, insurance risk exposure, and leadership succession planning.",Limited ESG reporting transparency; investments in fossil fuels raise concerns.,Strong continuity in leadership; minimal recent changes.,Minimal retention issues; Berkshire seen as long-term employer.
Alphabet,"Alphabet leads in digital advertising and AI research, with a focus on expanding cloud and hardware.",No significant interest rate swaps reported in the current fiscal year.,Positive sentiment driven by AI leadership and market momentum.,"Privacy regulations, misinformation concerns, and regulatory investigations.",Content moderation policies and carbon footprint of data infrastructure.,Reorganization in cloud and AI divisions with leadership reshuffle.,Aggressive hiring in AI; efforts ongoing to retain key researchers.
ExxonMobil,ExxonMobil is an energy company with a positive outlook due to rising oil demand and carbon capture tech.,Engages in hedging strategies to stabilize long-term debt obligations.,"Stable tone, focused on disciplined capital investment and shareholder returns.","Oil price fluctuations, environmental regulation, and geopolitical instability.",High carbon emissions and need for clearer renewable transition roadmap.,New CFO appointed; board composition updated.,Challenges attracting green energy talent; offering upskilling programs.
UnitedHealth Group,"UnitedHealth offers insurance and health services, with continued growth in Medicare and data analytics.",Limited use of swaps for insurance liabilities; primarily uses reinsurance.,Optimistic view on healthcare transformation and data-driven services.,"Healthcare policy changes, data security, and fraud risk.","Patient data privacy, healthcare equity, and board diversity focus.",CEO tenure extended; some shifts in subsidiary leadership.,High retention in clinical services; investment in workforce analytics.
CVS Health,"CVS Health provides healthcare and pharmacy services, focusing on expanding in-home care and digital health.",Maintains interest rate swaps to balance risk in long-term care division.,"Moderately positive tone, highlighting transformation in care delivery.","Reimbursement policy shifts, regulatory oversight, and competition in pharmacy space.",Opioid litigation legacy and community health responsibility.,Pharmacy division head retired; interim management in place.,Turnover in retail staff; improving benefits and training.
Toyota,Toyota manufactures vehicles and is investing heavily in EVs and hybrid tech amid a global shift to green energy.,Occasional use of swaps to hedge bond financing in international markets.,"Proactive stance on innovation, but cautious on global supply chain risks.","EV transition risks, chip shortages, and trade policy uncertainty.",Battery sourcing ethics and recycling challenges in EV production.,R&D leadership strengthened with global mobility lead joining.,R&D and engineering hiring slow due to global talent shortages.
McKesson,"McKesson distributes pharmaceuticals, expecting steady demand but facing pricing pressure and regulatory scrutiny.",Uses swaps selectively to manage pricing on supplier contracts and financing terms.,"Balanced tone; confident in operations, cautious on reimbursement policy changes.","Drug pricing reforms, compliance risk, and operational integration challenges.",Sustainability in drug packaging and transparency in supply chain ethics.,Operational leadership changes amid strategic restructuring.,Recruiting challenges in logistics; emphasis on retention bonuses.
